{
    "version": 1,
    "author": "Azizah Istiqomah",
    "editor": "wokwi",
    "parts": [
      { "type": "board-esp32-devkit-c-v4", "id": "esp", "top": 0, "left": 0, "attrs": {} },
      {
        "type": "wokwi-led",
        "id": "led1",
        "top": -13.2,
        "left": -73,
        "attrs": { "color": "limegreen" }
      },
      { "type": "wokwi-led", "id": "led2", "top": -13.2, "left": -169, "attrs": { "color": "red" } },
      {
        "type": "wokwi-led",
        "id": "led3",
        "top": -13.2,
        "left": -121,
        "attrs": { "color": "yellow" }
      }
    ],
    "connections": [
      [ "esp:TX", "$serialMonitor:RX", "", [] ],
      [ "esp:RX", "$serialMonitor:TX", "", [] ],
      [ "led3:A", "esp:33", "green", [ "v0" ] ],
      [ "led1:A", "esp:32", "green", [ "v0" ] ],
      [ "led2:C", "esp:GND.1", "green", [ "v0" ] ],
      [ "led3:C", "esp:GND.1", "green", [ "v0" ] ],
      [ "led1:C", "esp:GND.1", "green", [ "v0" ] ],
      [ "led2:A", "esp:26", "green", [ "v0" ] ]
    ],
    "dependencies": {}
  }