{
    "version": 1,
    "author": "Azizah Istiqomah",
    "editor": "wokwi",
    "parts": [
      { "type": "board-esp32-devkit-c-v4", "id": "esp", "top": 0, "left": 0, "attrs": {} },
      { "type": "wokwi-relay-module", "id": "relay1", "top": -95.8, "left": 268.8, "attrs": {} },
      {
        "type": "wokwi-pushbutton",
        "id": "btn1",
        "top": 6.2,
        "left": 278.4,
        "attrs": { "color": "green", "xray": "1" }
      },
      {
        "type": "wokwi-led",
        "id": "led1",
        "top": 111.6,
        "left": 205.4,
        "attrs": { "color": "red" }
      }
    ],
    "connections": [
      [ "esp:TX", "$serialMonitor:RX", "", [] ],
      [ "esp:RX", "$serialMonitor:TX", "", [] ],
      [ "relay1:VCC", "esp:3V3", "red", [ "h0" ] ],
      [ "relay1:GND", "esp:GND.2", "black", [ "h0" ] ],
      [ "relay1:IN", "esp:23", "green", [ "h-144", "v95.8" ] ],
      [ "btn1:2.l", "esp:GND.2", "green", [ "v29", "h-76.8", "v-0.4", "h-67.2", "v-38" ] ],
      [ "btn1:1.l", "esp:19", "green", [ "v-9.6", "h-163.2", "v86.4" ] ],
      [ "led1:C", "esp:GND.2", "green", [ "h-18.8", "v-124.8", "h-100.84" ] ],
      [ "led1:A", "esp:18", "green", [ "h9.6", "v-48" ] ]
    ],
    "dependencies": {}
  }